Designator,Val,Package,Mid X,Mid Y,Rotation,Layer
C1,10u,C_0805_2012Metric_Pad1.18x1.45mm_HandSolder,127.4572,-56.134,-90.0,top
C10,100uF,CP_EIA-6032-28_Kemet-C_HandSolder,55.7784,-51.9938,270.0,top
C11,100n,C_0805_2012Metric_Pad1.18x1.45mm_HandSolder,69.088,-59.4868,-90.0,top
C12,100n,C_0805_2012Metric_Pad1.18x1.45mm_HandSolder,58.9788,-59.5376,-90.0,top
C13,2u2,C_0805_2012Metric_Pad1.18x1.45mm_HandSolder,69.088,-54.356,-90.0,top
C14,10u,C_0805_2012Metric_Pad1.18x1.45mm_HandSolder,64.008,-54.3775,-90.0,top
C15,100n,C_0805_2012Metric_Pad1.18x1.45mm_HandSolder,66.548,-54.3775,-90.0,top
C16,2n2,C_0805_2012Metric_Pad1.18x1.45mm_HandSolder,66.5265,-49.784,-90.0,top
C17,10u,C_0805_2012Metric_Pad1.18x1.45mm_HandSolder,68.072,-69.5745,90.0,top
C18,10u,C_0805_2012Metric_Pad1.18x1.45mm_HandSolder,64.008,-49.8055,-90.0,top
C19,2n2,C_0805_2012Metric_Pad1.18x1.45mm_HandSolder,58.928,-49.784,-90.0,top
C2,100uF,CP_EIA-7343-31_Kemet-D_HandSolder,131.318,-58.9788,90.0,top
C20,10u,C_0805_2012Metric_Pad1.18x1.45mm_HandSolder,61.4465,-49.8055,-90.0,top
C21,100n,C_0805_2012Metric_Pad1.18x1.45mm_HandSolder,65.532,-69.596,90.0,top
C22,100n,C_0805_2012Metric_Pad1.18x1.45mm_HandSolder,94.5642,-70.2056,0.0,top
C23,100n,C_0805_2012Metric_Pad1.18x1.45mm_HandSolder,94.5642,-77.6478,0.0,top
C24,100n,C_0805_2012Metric_Pad1.18x1.45mm_HandSolder,122.1486,-66.929,90.0,top
C25,12p,C_0805_2012Metric_Pad1.18x1.45mm_HandSolder,112.4712,-86.3854,-90.0,top
C26,12p,C_0805_2012Metric_Pad1.18x1.45mm_HandSolder,114.6556,-86.3854,-90.0,top
C27,100n,C_0805_2012Metric_Pad1.18x1.45mm_HandSolder,98.3742,-86.1822,0.0,top
C28,20p,C_0805_2012Metric_Pad1.18x1.45mm_HandSolder,107.1372,-86.0044,270.0,bottom
C29,100n,C_0805_2012Metric_Pad1.18x1.45mm_HandSolder,103.0986,-97.9678,270.0,bottom
C3,100uF,CP_EIA-7343-31_Kemet-D_HandSolder,94.9452,-53.975,90.0,top
C30,20p,C_0805_2012Metric_Pad1.18x1.45mm_HandSolder,109.2708,-86.0044,270.0,bottom
C31,100n,C_0805_2012Metric_Pad1.18x1.45mm_HandSolder,84.836,-97.9678,270.0,bottom
C32,220n,C_0805_2012Metric_Pad1.18x1.45mm_HandSolder,117.8306,-74.6506,180.0,bottom
C33,4u7,C_0805_2012Metric_Pad1.18x1.45mm_HandSolder,109.9566,-80.0354,270.0,bottom
C34,10u,C_0805_2012Metric_Pad1.18x1.45mm_HandSolder,117.8814,-70.2818,180.0,bottom
C35,2u2,C_0805_2012Metric_Pad1.18x1.45mm_HandSolder,110.744,-60.4989,90.0,bottom
C36,10u,C_0805_2012Metric_Pad1.18x1.45mm_HandSolder,101.6762,-71.2216,0.0,bottom
C37,10u,C_0805_2012Metric,107.9246,-69.5452,90.0,bottom
C38,220n,C_0805_2012Metric_Pad1.18x1.45mm_HandSolder,107.8738,-80.0354,270.0,bottom
C39,220n,C_0805_2012Metric_Pad1.18x1.45mm_HandSolder,117.8306,-72.4916,180.0,bottom
C4,10u,C_0805_2012Metric_Pad1.18x1.45mm_HandSolder,77.724,-72.644,180.0,top
C40,4u7,C_0805_2012Metric_Pad1.18x1.45mm_HandSolder,108.6866,-60.4989,90.0,bottom
C41,4u7,C_0805_2012Metric_Pad1.18x1.45mm_HandSolder,101.6762,-73.2028,0.0,bottom
C42,4u7,C_0805_2012Metric,109.8804,-69.4182,90.0,bottom
C43,220n,C_0805_2012Metric_Pad1.18x1.45mm_HandSolder,102.5144,-54.8132,0.0,top
C44,4u7,C_0805_2012Metric_Pad1.18x1.45mm_HandSolder,112.0394,-80.0354,270.0,bottom
C45,220n,C_0805_2012Metric_Pad1.18x1.45mm_HandSolder,106.6038,-60.4989,90.0,bottom
C46,220n,C_0805_2012Metric_Pad1.18x1.45mm_HandSolder,101.6762,-75.2856,0.0,bottom
C47,220n,C_0805_2012Metric,110.5408,-72.4154,0.0,bottom
C48,220n,C_0805_2012Metric_Pad1.18x1.45mm_HandSolder,105.791,-80.0354,90.0,bottom
C49,220n,C_0805_2012Metric_Pad1.18x1.45mm_HandSolder,114.1222,-80.0354,270.0,bottom
C5,100n,C_0805_2012Metric_Pad1.18x1.45mm_HandSolder,77.724,-70.104,180.0,top
C50,10n,C_0805_2012Metric_Pad1.18x1.45mm_HandSolder,112.8014,-60.5243,90.0,bottom
C51,10n,C_0805_2012Metric,107.4674,-73.66,270.0,bottom
C52,220n,C_0805_2012Metric_Pad1.18x1.45mm_HandSolder,117.8052,-76.7842,180.0,bottom
C53,100n,C_0805_2012Metric_Pad1.18x1.45mm_HandSolder,71.501,-59.4868,90.0,top
C6,10u,C_0805_2012Metric_Pad1.18x1.45mm_HandSolder,65.532,-76.708,180.0,top
C7,100n,C_0805_2012Metric_Pad1.18x1.45mm_HandSolder,65.532,-79.248,180.0,top
C8,100n,C_0805_2012Metric_Pad1.18x1.45mm_HandSolder,54.864,-52.324,90.0,bottom
C9,100n,C_0805_2012Metric_Pad1.18x1.45mm_HandSolder,69.088,-64.008,90.0,top
D1,BAT54S,SOT-23_Handsoldering,83.9114,-50.3174,0.0,top
D2,SM6T6V8A,D_SMB_Handsoldering,95.5548,-38.9128,90.0,top
D3,LED1,LED_Indicator_D3.0mm_W4.6mm_L6.5mm,137.3448,-70.0024,180.0,top
D4,LED2,LED_Indicator_D3.0mm_W4.6mm_L6.5mm,137.3448,-64.7192,180.0,top
D5,MCU LED,LED_Indicator_D3.0mm_W4.6mm_L6.5mm,137.3448,-75.2856,180.0,top
D6,BAT54C,SOT-23_Handsoldering,111.6584,-60.6552,270.0,top
D7,BAT54S,SOT-23_Handsoldering,88.1634,-50.3174,0.0,top
ENC1,Rotary_Encoder_L,RotaryEncoder_Alps_EC11E-Switch_Vertical_H20mm,63.5,-106.386,0.0,top
ENC2,Rotary_Encoder_R,RotaryEncoder_Alps_EC11E-Switch_Vertical_H20mm,126.492,-106.438,0.0,top
F1,2A,Fuse_1812_4532Metric_Pad1.30x3.40mm_HandSolder,130.81,-50.8,-90.0,top
F2,2A,Fuse_1812_4532Metric_Pad1.30x3.40mm_HandSolder,97.028,-45.72,180.0,top
H2,~,MountingHole_M3,52.832,-45.212,0.0,top
H4,~,MountingHole_M3,52.832,-94.488,0.0,top
H6,~,MountingHole_M3,137.668,-44.704,0.0,top
H8,~,MountingHole_M3,137.668,-94.488,0.0,top
J1,BI,PinHeader_1x05_P2.54mm_Vertical,74.2188,-106.7054,0.0,top
J2,BI,PinHeader_1x05_P2.54mm_Vertical,115.5954,-106.5784,0.0,top
J3,SPDIF OUT,Pin_Header_Straight_1x02,138.43,-101.5492,0.0,top
J4,Micro_SD_Card,GCT-MEM2055-00-190-01-A,104.1146,-103.6608,180.0,top
J5,Micro_SD_Card,GCT-MEM2055-00-190-01-A,85.8012,-103.7116,180.0,top
L1,Ferrite 120,L_0805_2012Metric_Pad1.15x1.40mm_HandSolder,99.4156,-49.9364,-90.0,top
L2,Ferrite 120,L_0805_2012Metric_Pad1.15x1.40mm_HandSolder,101.7016,-69.1896,180.0,bottom
L3,4u7,L_0805_2012Metric_Pad1.15x1.40mm,104.8258,-73.7108,270.0,bottom
LOGO2,logo,andy_karpov_logo5_silk,73.1012,-81.026,0.0,bottom
OC1,TLP2362,SO-5-6_4.55x3.7mm_P1.27mm,86.868,-73.66,-90.0,top
Q1,DMG2305UX,SOT-23_Handsoldering,102.5144,-50.8508,0.0,top
R1,5k1,R_0805_2012Metric_Pad1.20x1.40mm_HandSolder,106.172,-36.576,90.0,bottom
R10,0,R_0805_2012Metric_Pad1.20x1.40mm_HandSolder,57.3024,-71.12,0.0,top
R11,470,R_0805_2012Metric_Pad1.20x1.40mm_HandSolder,61.468,-54.356,90.0,top
R12,470,R_0805_2012Metric_Pad1.20x1.40mm_HandSolder,58.928,-54.356,90.0,top
R13,1k,R_0805_2012Metric_Pad1.20x1.40mm_HandSolder,132.842,-73.7108,0.0,top
R14,2M2,R_0805_2012Metric_Pad1.20x1.40mm_HandSolder,116.8146,-86.3346,90.0,top
R15,100k,R_0805_2012Metric_Pad1.20x1.40mm_HandSolder,119.888,-66.913,-90.0,top
R16,10k,R_0805_2012Metric_Pad1.20x1.40mm_HandSolder,87.9094,-102.8446,90.0,bottom
R17,10k,R_0805_2012Metric_Pad1.20x1.40mm_HandSolder,85.5472,-102.8446,90.0,bottom
R18,10k,R_0805_2012Metric_Pad1.20x1.40mm_HandSolder,83.1596,-102.8446,90.0,bottom
R19,10k,R_0805_2012Metric_Pad1.20x1.40mm_HandSolder,80.7212,-102.8446,90.0,bottom
R2,5k1,R_0805_2012Metric_Pad1.20x1.40mm_HandSolder,103.124,-36.576,90.0,bottom
R20,100k,R_0805_2012Metric_Pad1.20x1.40mm_HandSolder,104.9528,-59.0296,90.0,top
R3,47,R_0805_2012Metric_Pad1.20x1.40mm_HandSolder,73.66,-58.42,-90.0,top
R4,220,R_0805_2012Metric_Pad1.20x1.40mm_HandSolder,87.376,-64.516,180.0,top
R5,47,R_0805_2012Metric_Pad1.20x1.40mm_HandSolder,76.2,-58.42,90.0,top
R6,470,R_0805_2012Metric_Pad1.20x1.40mm_HandSolder,86.868,-80.518,180.0,top
R7,1k,R_0805_2012Metric_Pad1.20x1.40mm_HandSolder,132.842,-71.628,0.0,top
R8,1k,R_0805_2012Metric_Pad1.20x1.40mm_HandSolder,132.7404,-66.2432,0.0,top
R9,1k,R_0805_2012Metric_Pad1.20x1.40mm_HandSolder,62.992,-69.5745,90.0,top
SW1,ON_OFF,Push_PTH_RA_8-020_h7.5mm,138.4,-84.836,90.0,top
SW2,PROGRAM,Push_PTH_RA_8-020_h7.5mm,138.466,-54.864,90.0,top
TRS1,LINE OUT,AUDIO_JACK_3.5MM_SMD_TRRS_rounded_mixed,60.96,-40.75611,-90.0,top
TRS2,MIDI OUT,AUDIO_JACK_3.5MM_SMD_TRRS_rounded_mixed,73.66,-40.75611,-90.0,top
TRS3,MIDI IN,AUDIO_JACK_3.5MM_SMD_TRRS_rounded_mixed,86.6648,-40.75611,-90.0,top
U1,TPD3S014,SOT-23-6_Handsoldering,124.2568,-56.5912,0.0,top
U10,TLV75733PDBV,SOT-23-5_HandSoldering,102.1588,-58.8772,180.0,top
U11,74LVC2G06,SOT-23-6_Handsoldering,74.8792,-63.7794,0.0,top
U2,AMS1117-3.3,TO-252-2,73.816,-77.972,180.0,top
U3,"ILI9341 3.2"" capacitive touch",PinSocket_1x14_P2.54mm_Vertical,51.816,-69.85,0.0,top
U4,PCM5102A,TSSOP-20_4.4x6.5mm_P0.65mm,63.907,-61.976,180.0,top
U5,APS6404L-3SQR,SOIC-8_3.9x4.9mm_P1.27mm,96.2914,-66.421,90.0,top
U6,APS6404L-3SQR,SOIC-8_3.9x4.9mm_P1.27mm,96.2914,-73.9394,90.0,top
U7,MKL02Z32VFG4,QFN-16-1EP_3x3mm_P0.5mm_EP1.9x1.9mm,120.7636,-71.6165,180.0,top
U8,GD25Q64ESIGR,SOIC-8_5.3x5.3mm_P1.27mm,101.0412,-81.915,90.0,top
U9,MIMXRT1062DVJ6B,BGA196C80P14X14_1200X1200X152,109.6328,-71.9004,0.0,top
USB1,USB_HOST,USB_A_Molex_67643_Horizontal,124.968,-41.755,180.0,top
USB2,USB,USB_C_Receptacle_G-Switch_GT-USB-7010ASV,104.648,-37.4562,180.0,top
Y1,24MHz,Crystal_SMD_3225-4Pin_3.2x2.5mm_HandSoldering,113.538,-81.4188,0.0,top
Y2,32768,Crystal_C26-LF_D2.1mm_L6.5mm_Horizontal_1EP_style2,108.204,-87.4776,0.0,top
